<?xml version="1.0" encoding="utf-8" ?>
		<hibernate-mapping xmlns="urn:nhibernate-mapping-2.2"
		                   assembly="YoureOnGenNHibernate"
		                   namespace="YoureOnGenNHibernate.EN.YoureOn">
		    
		    
			
				
<joined-subclass name="AdministradorEN" extends="YoureOnGenNHibernate.EN.YoureOn.ModeradorEN" table="Administrador"> 
	<key>
    	
				<column name="emailUsuario"/>
		
    	
   	</key>

			
					
					<property name="PermisoAdministrador" type="string"> 
						<column name="permisoAdministrador"  not-null="true"/>
					</property>
			
			
					
		
 	  
		 </joined-subclass>
		  
		  <query name="AdministradorENReadAllHQL">from AdministradorEN</query>
		</hibernate-mapping>
	