<?xml version="1.0" encoding="utf-8" ?>
		<hibernate-mapping xmlns="urn:nhibernate-mapping-2.2"
		                   assembly="YoureOnGenNHibernate"
		                   namespace="YoureOnGenNHibernate.EN.YoureOn">
		    
		    
			
				<class name="BibliotecaEN" table="Biblioteca"> 
				  	
						<id name="Id" column="idBiblioteca" type="integer"> 
							<generator class="hilo"/>
						</id>
			
					
			
			
			
		  			
					
							<many-to-one name="Usuario" class="YoureOnGenNHibernate.EN.YoureOn.UsuarioEN" >
								<column name="FK_emailUsuario_idUsuario"/> 
        					</many-to-one>
					 
						
			
		  			
						<bag name="Contenido" table="[biblioteca_contenido]"  >
							<key>
								
									<column name="FK_idBiblioteca_idBiblioteca"/> 
							</key>
      						<many-to-many class="YoureOnGenNHibernate.EN.YoureOn.ContenidoEN">
									<column name="FK_titulo_idContenido"/> 
      						</many-to-many>
    					</bag>
					
					
					
		
		 </class>	
		  
		  <query name="BibliotecaENReadAllHQL">from BibliotecaEN</query>
		</hibernate-mapping>
	