<?xml version="1.0" encoding="utf-8" ?>
		<hibernate-mapping xmlns="urn:nhibernate-mapping-2.2"
		                   assembly="YoureOnGenNHibernate"
		                   namespace="YoureOnGenNHibernate.EN.YoureOn">
		    
		    
			
				<class name="ComentarioEN" table="Comentario"> 
						<id name="Id" column="idComentario"/> 
			
					
					<property name="Texto" type="string"> 
						<column name="texto"  not-null="true"/>
					</property>
					<property name="Fecha" type="date"> 
						<column name="fecha"  not-null="true"/>
					</property>
			
			
			
			
			
		  			
						<many-to-one name="Usuario" class="YoureOnGenNHibernate.EN.YoureOn.UsuarioEN" >	
								<column name="FK_emailUsuario_idUsuario"/> 
						</many-to-one>
											 					
			
		  			
						<bag name="Valoracion_comentario" cascade="delete">
							<key>
							
								
								<column name="FK_idComentario_idComentario"/>
					      	</key>
							<one-to-many class="YoureOnGenNHibernate.EN.YoureOn.ValoracionComentarioEN"/>
					    </bag>
					
			
		  			
						<many-to-one name="Contenido" class="YoureOnGenNHibernate.EN.YoureOn.ContenidoEN" >	
								<column name="FK_titulo_idContenido"/> 
						</many-to-one>
											 					
					
					
					
					
					
					
		
		 </class>	
		  
		  <query name="ComentarioENReadAllHQL">from ComentarioEN</query>
		</hibernate-mapping>
	