<?xml version="1.0" encoding="utf-8" ?>
		<hibernate-mapping xmlns="urn:nhibernate-mapping-2.2"
		                   assembly="YoureOnGenNHibernate"
		                   namespace="YoureOnGenNHibernate.EN.YoureOn">
		    
		    
			
				<class name="ContenidoEN" table="Contenido"> 
						<id name="Titulo" column="titulo"/> 
			
					
					<property name="TipoArchivo" > 
						<column name="tipoArchivo"  not-null="true"/>
					</property>
					<property name="Descripcion" type="string"> 
						<column name="descripcion"  not-null="true"/>
					</property>
					<property name="Licencia" type="string"> 
						<column name="licencia"  not-null="true"/>
					</property>
					<property name="Autor" type="string"> 
						<column name="autor"  not-null="true"/>
					</property>
					<property name="EnBiblioteca" type="boolean"> 
						<column name="enBiblioteca"  not-null="true"/>
					</property>
			
			
			
			
			
			
		  			
						<many-to-one name="Usuario" class="YoureOnGenNHibernate.EN.YoureOn.UsuarioEN" >	
								<column name="FK_emailUsuario_idUsuario"/> 
						</many-to-one>
											 					
			
			
		  			
						<bag name="Valoracion_contenido" cascade="delete">
							<key>
							
								
								<column name="FK_titulo_idContenido"/>
					      	</key>
							<one-to-many class="YoureOnGenNHibernate.EN.YoureOn.ValoracionContenidoEN"/>
					    </bag>
					
			
		  			
						<bag name="Biblioteca" table="[biblioteca_contenido]" inverse="true" >
							<key>
								
									<column name="FK_titulo_idContenido"/> 
							</key>
      						<many-to-many class="YoureOnGenNHibernate.EN.YoureOn.BibliotecaEN">
									<column name="FK_idBiblioteca_idBiblioteca"/> 
      						</many-to-many>
    					</bag>
			
		  			
						<bag name="Comentario" cascade="delete">
							<key>
							
								
								<column name="FK_titulo_idContenido"/>
					      	</key>
							<one-to-many class="YoureOnGenNHibernate.EN.YoureOn.ComentarioEN"/>
					    </bag>
					
			
			
		  			
						<bag name="Reporte" cascade="delete">
							<key>
							
								
								<column name="FK_titulo_idContenido"/>
					      	</key>
							<one-to-many class="YoureOnGenNHibernate.EN.YoureOn.ReporeteContenidoEN"/>
					    </bag>
					
					
					
					
					
					
					
					
					
					
					
					
		
		 </class>	
		  
		  <query name="ContenidoENReadAllHQL">from ContenidoEN</query>
		  <query name="ContenidoENdameContenidoPorTituloHQL"><![CDATA[FROM ContenidoEN where ContenidoEN.titulo = c_titulo;]]></query>
		</hibernate-mapping>
	