<?xml version="1.0" encoding="utf-8" ?>
		<hibernate-mapping xmlns="urn:nhibernate-mapping-2.2"
		                   assembly="YoureOnGenNHibernate"
		                   namespace="YoureOnGenNHibernate.EN.YoureOn">
		    
		    
			
				<class name="FaltaEN" table="Falta"> 
						<id name="Id" column="idFalta"/> 
			
					
					<property name="TipoFalta" > 
						<column name="tipoFalta"  not-null="true"/>
					</property>
					<property name="Fecha" type="date"> 
						<column name="fecha"  not-null="true"/>
					</property>
			
			
			
			
		  			
						<many-to-one name="Usuario" class="YoureOnGenNHibernate.EN.YoureOn.UsuarioEN" >	
								<column name="FK_emailUsuario_idUsuario"/> 
						</many-to-one>
											 					
			
			
		  			
						<many-to-one name="Moderador" class="YoureOnGenNHibernate.EN.YoureOn.ModeradorEN" >	
								<column name="FK_emailUsuario_idModerador"/> 
						</many-to-one>
											 					
					
					
					
					
					
		
		 </class>	
		  
		  <query name="FaltaENReadAllHQL">from FaltaEN</query>
		</hibernate-mapping>
	