<?xml version="1.0" encoding="utf-8" ?>
		<hibernate-mapping xmlns="urn:nhibernate-mapping-2.2"
		                   assembly="YoureOnGenNHibernate"
		                   namespace="YoureOnGenNHibernate.EN.YoureOn">
		    
		    
			
				<class name="IdiomaEN" table="Idioma"> 
						<id name="Idioma" column="idiomaIdioma"/> 
			
					
					<property name="Descripcion" type="string"> 
						<column name="descripcion"  not-null="true"/>
					</property>
			
			
			
					
					
		
		 </class>	
		  
		  <query name="IdiomaENReadAllHQL">from IdiomaEN</query>
		</hibernate-mapping>
	