<?xml version="1.0" encoding="utf-8" ?>
		<hibernate-mapping xmlns="urn:nhibernate-mapping-2.2"
		                   assembly="YoureOnGenNHibernate"
		                   namespace="YoureOnGenNHibernate.EN.YoureOn">
		    
		    
			
				
<joined-subclass name="ImagenEN" extends="YoureOnGenNHibernate.EN.YoureOn.ContenidoEN" table="Imagen"> 
	<key>
    	
				<column name="titulo"/>
		
    	
   	</key>

			
					
					<property name="Resolucion" type="integer"> 
						<column name="resolucion"  not-null="true"/>
					</property>
					<property name="FormatoImagen" > 
						<column name="formatoImagen"  not-null="true"/>
					</property>
			
			
			
					
					
		
 	  
		 </joined-subclass>
		  
		  <query name="ImagenENReadAllHQL">from ImagenEN</query>
		</hibernate-mapping>
	