<?xml version="1.0" encoding="utf-8" ?>
		<hibernate-mapping xmlns="urn:nhibernate-mapping-2.2"
		                   assembly="YoureOnGenNHibernate"
		                   namespace="YoureOnGenNHibernate.EN.YoureOn">
		    
		    
			
				<class name="NotificacionesEN" table="Notificaciones"> 
						<id name="Id" column="idNotificaciones"/> 
			
					
					<property name="Mensaje" type="string"> 
						<column name="mensaje"  not-null="true"/>
					</property>
			
			
			
		  			
						<many-to-one name="Usuario" class="YoureOnGenNHibernate.EN.YoureOn.UsuarioEN" >	
								<column name="FK_emailUsuario_idUsuario"/> 
						</many-to-one>
											 					
			
			
		  			
						<many-to-one name="Moderador" class="YoureOnGenNHibernate.EN.YoureOn.ModeradorEN" >	
								<column name="FK_emailUsuario_idEnvia_notificacion"/> 
						</many-to-one>
											 					
					
					
					
					
		
		 </class>	
		  
		  <query name="NotificacionesENReadAllHQL">from NotificacionesEN</query>
		</hibernate-mapping>
	