<?xml version="1.0" encoding="utf-8" ?>
		<hibernate-mapping xmlns="urn:nhibernate-mapping-2.2"
		                   assembly="YoureOnGenNHibernate"
		                   namespace="YoureOnGenNHibernate.EN.YoureOn">
		    
		    
			
				
<joined-subclass name="ReporeteContenidoEN" extends="YoureOnGenNHibernate.EN.YoureOn.ReporteEN" table="ReporeteContenido"> 
	<key>
    	
				<column name="idReporte"/>
		
    	
   	</key>

			
					
			
			
		  			
						<many-to-one name="Contenido" class="YoureOnGenNHibernate.EN.YoureOn.ContenidoEN" >	
								<column name="FK_titulo_idContenido"/> 
						</many-to-one>
											 					
					
		
 	  
		 </joined-subclass>
		  
		  <query name="ReporeteContenidoENReadAllHQL">from ReporeteContenidoEN</query>
		</hibernate-mapping>
	