<?xml version="1.0" encoding="utf-8" ?>
		<hibernate-mapping xmlns="urn:nhibernate-mapping-2.2"
		                   assembly="YoureOnGenNHibernate"
		                   namespace="YoureOnGenNHibernate.EN.YoureOn">
		    
		    
			
				
<joined-subclass name="ValoracionComentarioEN" extends="YoureOnGenNHibernate.EN.YoureOn.ValoracionEN" table="ValoracionComentario"> 
	<key>
    	
				<column name="idValoracion"/>
		
    	
   	</key>

			
					
			
			
		  			
						<many-to-one name="Comentario" class="YoureOnGenNHibernate.EN.YoureOn.ComentarioEN" >	
								<column name="FK_idComentario_idComentario"/> 
						</many-to-one>
											 					
					
		
 	  
		 </joined-subclass>
		  
		  <query name="ValoracionComentarioENReadAllHQL">from ValoracionComentarioEN</query>
		</hibernate-mapping>
	