<?xml version="1.0" encoding="utf-8" ?>
		<hibernate-mapping xmlns="urn:nhibernate-mapping-2.2"
		                   assembly="YoureOnGenNHibernate"
		                   namespace="YoureOnGenNHibernate.EN.YoureOn">
		    
		    
			
				
<joined-subclass name="VideoEN" extends="YoureOnGenNHibernate.EN.YoureOn.ContenidoEN" table="Video"> 
	<key>
    	
				<column name="titulo"/>
		
    	
   	</key>

			
					
					<property name="Duracion" type="timestamp"> 
						<column name="duracion"  not-null="true"/>
					</property>
					<property name="Resolucion" type="integer"> 
						<column name="resolucion"  not-null="true"/>
					</property>
					<property name="FormatoVideo" > 
						<column name="formatoVideo"  not-null="true"/>
					</property>
			
			
			
			
					
					
					
		
 	  
		 </joined-subclass>
		  
		  <query name="VideoENReadAllHQL">from VideoEN</query>
		</hibernate-mapping>
	